ID,lane,subsystem,priority,action,why it matters,prerequisite,evidence needed,falsifying test,code target,before metric,after metric,risk,diagnosis,resolution,owner,report/paper impact,artifact link,notes
L-01,Learn,node,P1,Retype mesqReconstructQuat,The zero quaternion reached the wire; you must be able to explain the threshold,none,A1_05 §3,an accepted result with norm != 1,mesq_pod_core.h,"NaN -> (0,0,0,0)",every accepted result unit-norm,none,CONFIRMED,CODE_FIXED,Daynal,Methods: quaternion validity policy,A1_05_RETYPE_THESE.md #1,desktop only
L-02,Learn,protocol,P1,Retype mesq_pack + q_to_i16,Byte order and truncation are paper-relevant and were 1 LSB wrong in JS,L-01,A1_05 §6,golden hex differs between C and JS,mesq_packet.h,implicit struct layout,"explicit, byte-identical both languages",none,CONFIRMED,CODE_FIXED,Daynal,Methods: wire format,A1_05_RETYPE_THESE.md #2,desktop only
L-03,Learn,node,P1,Retype MesqDeadline,Integer time and wrap arithmetic; three defects in two lines,L-02,A1_05 §4,fire count drifts over 10 s,mesq_pod_core.h,"<=31.25/s, drifting","32/s exactly, no drift",+2.4% offered load,CONFIRMED,CODE_FIXED,Daynal,Methods: transmit cadence,A1_05_RETYPE_THESE.md #3,desktop only
L-04,Learn,node,P0,Retype MesqSampleChannel,"The hardest idea in the system: a pose is one record, not four numbers",L-03,A1_05 §5,a read spanning two generations,mesq_pod_core.h,469/8931 torn,0/141749 torn,critical-section cost unmeasured,CONFIRMED,CODE_FIXED,Daynal,Methods: cross-core handoff,A1_05_RETYPE_THESE.md #4,desktop only
L-05,Learn,browser,P1,Retype the parser JSON branch,Bounded recovery and the ASCII invariant,L-04,A1_05 §7,an unterminated line swallowing a frame,js/mesq_parser.js,0/50 frames,50/50 frames,none,CONFIRMED,VERIFIED,Daynal,Methods: stream parsing,A1_05_RETYPE_THESE.md #5,desktop only
C-01,Confirm,build,P0,Build both sketches with arduino-cli,Nothing firmware-side has been compiled for the target,toolchain install,A1_03 §4,a compile error against the real libraries,both .ino,type-check only,real build + sizes,library signatures may differ from stubs,UNTESTED,BLOCKED,Daynal,blocks every firmware claim,A1_07 B1,THE blocker
C-02,Confirm,node,P0,Read the pod boot banner,Resolves U2: core/IDF version and tick rate,C-01,A1_00 §3,banner absent or tick rate != 1000,Pod_Watch_Binary.ino,U2 unresolved,U2 resolved,none,UNTESTED,BLOCKED,Daynal,three Phase 1 claims depend on tick rate,A1_07 OPEN-U2,
C-03,Confirm,node,P1,Verify I2C wiring GPIO21/22,Pins are code-selected; wiring is unverified,hardware,A1_07 OPEN-I2C,continuity test disagrees,setupIMU(),[unverified],[fact-measured],do NOT remap before this,UNTESTED,BLOCKED,Daynal,Methods: hardware description,A1_07 OPEN-I2C,
C-04,Confirm,radio,P0,Establish the ESP-NOW PHY rate (U1),Dominates every airtime and capacity claim,C-01 + sniffer,A1_04 §2,measured rate != 1 Mbps assumption,both .ino,assumed 1 Mbps,measured,Phase 1 airtime figures may be far too pessimistic,UNTESTED,BLOCKED,Daynal,Results: airtime,A1_07 B3,
C-05,Confirm,radio,P2,Set and log esp_wifi_set_country(),Regulatory region is never declared in code,C-01,A1_04 §7,country unset in the banner,both .ino,unset,"US, logged","compliance is EIRP, not a software value",CONFIRMED,NOT_STARTED,Daynal,Methods: regulatory,A1_07 OPEN-RF-COUNTRY,
I-01,Instrument,node,P1,Measure instrumentation self-cost,Rule 2: unsatisfied since Phase 2,C-01,A1_03 §7,instr_us/s is a material fraction of the period,MESQ_INSTR,never read,a number,results untrustworthy until done,UNTESTED,BLOCKED,Daynal,gates every I-series result,A1_07 OPEN-INSTR-COST,
I-02,Instrument,browser,P2,Build the operator preflight view,All the data exists; nothing displays it,none,A1_07 OPEN-PREFLIGHT,an operator cannot see a missing pod before capture,index.html,no view,id/MAC/fw/batt/fresh/gaps,none,CONFIRMED,NOT_STARTED,Daynal,"operational, not paper",A1_07 OPEN-PREFLIGHT,no hardware needed
M-01,Measure,node,P0,M-SENS01 distinct Quat6/s,Turns Phase 1's ~55 Hz comment into a number; decides the 60 Hz question,"C-01,I-01",A1_07 M-SENS01,quat6/s materially != 55,setupIMU(),code comment,[fact-measured],"if 60 Hz is hard, nothing here reaches it",INCONCLUSIVE,REQUIREMENT_PENDING,Daynal,Results: sensor rate,A1_07 M-SENS01,do before any rate decision
M-02,Measure,node,P0,M-NODE01 handoff health,normBad must stay 0 on real silicon,"C-01,I-01",A1_07 M-NODE01,any normBad > 0,MesqSampleChannel,469 torn (host baseline),expect 0,regression would be serious,CONFIRMED,HARDWARE_VALIDATION_PENDING,Daynal,Methods: concurrency,A1_07 M-NODE01,
M-03,Measure,node,P1,M-NODE04 fault injection + 10 cold boots,The init hang is fixed in source only,C-01,A1_07 M-NODE04,any hang or reboot loop,setupIMU(),hangs forever,bounded + red screen,,CONFIRMED,HARDWARE_VALIDATION_PENDING,Daynal,Results: reliability,A1_07 M-NODE04,
M-04,Measure,node,P2,M-SENS02 raw-stream A/B,"Performance change, not yet justified",M-01,A1_07 M-SENS02,quat6/s drops with streams off,MESQ_DISABLE_UNUSED_DMP_STREAMS,default off,decide from data,,CONFIRMED,REQUIREMENT_PENDING,Daynal,Results: FIFO cost,A1_07 M-SENS02,
M-05,Measure,node,P2,M-PWR01 battery/display cost,Comment was 20x wrong; cost unmeasured,C-01,A1_07 M-PWR01,read_us spikes > 5 ms on the tick,handleBattDisplay(),unmeasured,a number,,CONFIRMED,REQUIREMENT_PENDING,Daynal,Results: power,A1_07 M-PWR01,
M-06,Measure,hub,P1,M-HUB02 USB queue under load,"Queue depth is a calculation, not a measurement",C-01,A1_07 M-HUB02,dropped > 0,MesqUsbQueue,no queue at all,expect dropped 0,real CDC throughput unknown,CONFIRMED,HARDWARE_VALIDATION_PENDING,Daynal,Results: hub throughput,A1_07 M-HUB02,
M-07,Measure,hub,P0,M-HUB03 reset path on hardware,Noise must not reset the fleet,C-01,A1_07 M-HUB03,any reset from noise,hostCmdTask,any byte reset 17 pods,0 from 4 KB urandom,,CONFIRMED,HARDWARE_VALIDATION_PENDING,Daynal,Results: reliability,A1_07 M-HUB03,
M-08,Measure,hub,P1,M-HUB05 integrity vs known loss,"Reboot must read as resync, not 65000 lost",C-01,A1_07 M-HUB05,lost jumps by tens of thousands,MesqNodeStats,loss invisible,classified,,CONFIRMED,HARDWARE_VALIDATION_PENDING,Daynal,Results: loss,A1_07 M-HUB05,
M-09,Measure,radio,P1,M-FLEET scaling 1/4/8/12/15/17,No fleet measurement has ever been taken,"C-01,C-04",A1_07 M-FLEET,delivery degrades between 8 and 17,whole chain,none,per-node distributions,declare thresholds BEFORE running,UNTESTED,BLOCKED,Daynal,Results: scaling,A1_07 M-FLEET,
M-10,Measure,radio,P2,M-SOAK 30-minute full fleet,Long-run stability is unknown,M-09,A1_07 M-SOAK,any unexplained reset or deadlock,whole chain,none,a soak result,,UNTESTED,BLOCKED,Daynal,Results: endurance,A1_07 M-SOAK,
D-01,Decide,owner,P0,Is 60 fresh orientations/s hard?,"Everything about rate, airtime and scaling depends on it",M-01,A1_00 §2,"none - this is a requirement, not a fact",n/a,undecided,decided,several decisions stay pending,NOT_APPLICABLE,REQUIREMENT_PENDING,owner,frames the whole contribution,A1_00 §7,
D-02,Decide,owner,P1,Approve or refuse the magnetometer,Only path to absolute heading; not a one-line change,D-01,A1_01 §11,none,setupIMU(),disabled,decided,needs per-chip calibration + disturbance testing,NOT_APPLICABLE,REQUIREMENT_PENDING,owner,Limitations: heading,A1_01 §11,
D-03,Decide,owner,P2,Approve or refuse a wire-format v2,"Needed for sample_seq, boot id, a real timebase",D-01,A1_01 §6,none,mesq_packet.h,v1 preserved,decided,invalidates old captures if mishandled,NOT_APPLICABLE,REQUIREMENT_PENDING,owner,Methods: protocol,A1_01 §6,
D-04,Decide,radio,P2,One channel or several,Cannot be decided from modelling alone,M-09,A1_04,step 6 beats step 5 materially,both .ino,one channel,decided from data,step 5 control is the one usually skipped,UNTESTED,HARDWARE_VALIDATION_PENDING,Daynal,Results: architecture,A1_04 §5,
P-01,Implement,browser,P1,Propagate held frames into the BVH,"Detected in the browser, still conflated in the export",none,A1_07 OPEN-BVH-HELD,export cannot distinguish measured from held,bvh_converter.js,conflated,flagged,,CONFIRMED,NOT_STARTED,Daynal,Limitations: held frames,A1_07 OPEN-BVH-HELD,no hardware needed
P-02,Implement,browser,P2,Change root Euler order XYZ -> YXZ,Phase 2 measured up to 23.9% of frames near gimbal lock,none,A1_07 OPEN-PHN05,near-singular frame fraction stays high,bvh_converter.js,23.9% near singular,expect ~0%,needs regression vs existing captures,CONFIRMED,NOT_STARTED,Daynal,Results: export quality,A1_07 OPEN-PHN05,no hardware needed
V-01,Validate,process,P1,Independent review of the ESP32 assumptions,Everything is SELF_REVIEWED,none,A1_03 §10,a reviewer disputes the critical-section or priority choices,both core headers,self-reviewed only,reviewed,,NOT_APPLICABLE,ACCEPTED_RISK,Daynal + reviewer,confidence in Methods,A1_07 OPEN-REVIEW,
W-01,Write,paper,P1,Scope every communication claim,"A claim without node count, duration, PHY and thresholds is not a claim","M-09,M-10",A1_03 §12,a reviewer asks under what conditions,paper,unscoped,scoped,,NOT_APPLICABLE,NOT_STARTED,Daynal,Results section,A1_03 §12,
W-02,Write,paper,P0,"State heading as an origin, not drift",Calling it drift is wrong and a reviewer will catch it,none,A1_05 §3,none - this is already established,paper,ambiguous,precise,,CONFIRMED,NOT_STARTED,Daynal,Limitations,RETRACTIONS.md,Phase 2 confirmed the sign flip
W-03,Write,paper,P0,Re-export benchmarks with measured frame time,Existing captures carry no arrival timestamps and cannot be repaired,P-01,A1_03 §6,exported duration != capture duration,bvh_converter.js,6.67% dilation,0%,old captures are unrepairable - recapture,CONFIRMED,VERIFIED,Daynal,Results: all timing,A1_02 §15,I12 fires now
